,title,num_comments,ups,upvote_ratio,created
0,[D] Simple Questions Thread,59,6,0.75,2023-12-17 16:00:19
1,[D] Why MoE models target only feedforward layers?,4,13,0.89,2023-12-27 12:48:16
2,[P] I made an Educational Autograd from scratch,6,11,0.92,2023-12-27 13:06:29
3,[P] Creating training data for tensorflow from footage,0,3,1.0,2023-12-27 13:38:55
4,[Discussion]Which Deep Learning techniques are used in Research/industry?,0,2,0.75,2023-12-27 15:12:39
5,[D] Want recommendations for learning ML-oriented distributed systems,6,22,0.89,2023-12-27 01:05:40
6,"[R] ""Turning Privacy-preserving Mechanisms against Federated Learning"" (CCS23) (Machine Learning Security)",1,2,0.75,2023-12-27 12:00:14
7,[D] Which Transformer implementation do people typically use?,30,102,0.95,2023-12-26 14:12:49
8,[D] How to apply data reduction to numeric data while preserving the data character?,0,1,1.0,2023-12-27 15:22:34
9,[D] joining academia research lab while working full time as research engineer in industry.,7,24,0.84,2023-12-26 21:36:35
10,[R] Does anyone know of ML projects that attempt to find specific relations between features?,6,1,0.57,2023-12-27 11:02:26
11,[D] Are there any text augmentation libraries for medical text data?,0,1,1.0,2023-12-27 14:46:25
12,[D] When are we going to have a full Windows/Linux/MacOS virtual assistant?,7,0,0.47,2023-12-27 13:11:57
13,[D] Has there been any research into using parameter-efficient training like LoRA and QLoRA during RL for pretrained models? I haven't been able to find literature on this.,2,1,1.0,2023-12-27 13:11:52
14,[D] Algorithm to find patterns in temporal sequences,22,17,0.8,2023-12-26 19:19:18
15,What kind of research can you do if you are GPU poor?[R],113,144,0.93,2023-12-26 07:23:26
16,[P] Training an accurate regressive neural network on synthetic image data?,1,3,0.71,2023-12-27 03:50:43
17,"[R], [P] Self-Hosted GPU setup for AI Research",16,16,0.77,2023-12-26 15:59:55
18,[P] Seeking Advice for Building a School Handbook Chatbot Using OpenAI and Vector Databases,3,2,0.75,2023-12-27 00:51:59
19,[Discussion] An Alternative to LeetCode Blind 75 for Machine Learning Scientists/Engineers,1,2,0.6,2023-12-26 21:18:58
20,[D] what do the two zero convolution layers in controlnet do?,4,5,0.63,2023-12-26 17:43:43
21,[D] Which software do you guys use for illustrating research frameworks/ideas ?,49,57,0.97,2023-12-26 04:12:21
22,"[R] ""Self-Predictive Universal AI"" (Self-AIXI)",0,7,0.71,2023-12-26 13:33:54
23,[P] Feature Extraction for Channel State Information in the Frequency Domain for Human Activity Recognition,0,3,1.0,2023-12-26 17:54:25
24,[D] ML techniques of encouraging small weight on certain parts of input?,6,1,0.6,2023-12-26 22:59:30
25,[P] microagents: Modular Agents Capable of Self-Editing Their Prompts and Python code,0,6,0.75,2023-12-26 12:15:41
